recall,precision,threshold
1.0,0.01399414302640109,4.23437720724931e-07
1.0,0.014022983356107615,8.282742516929758e-07
1.0,0.014059043490954824,9.257761490379522e-07
1.0,0.014093544211178026,9.937982830868509e-07
1.0,0.014125026794679424,1.0756775267894183e-06
1.0,0.014169948843315678,1.1438511283680114e-06
1.0,0.014206286168160671,1.2003285966428255e-06
1.0,0.014248970022534314,1.2607181467046768e-06
1.0,0.014279359937955496,1.3152308994543689e-06
1.0,0.01431200631008585,1.3767866911735865e-06
1.0,0.014348583478500047,1.4289725154936105e-06
1.0,0.014407033209822558,1.4668369428730663e-06
1.0,0.014484705446804573,1.5195375397659509e-06
1.0,0.014537178951279551,1.5679579012967018e-06
1.0,0.014579839761505497,1.6061743838910557e-06
1.0,0.01465904833270888,1.6487388907970593e-06
1.0,0.0147003569415743,1.6877658459657243e-06
1.0,0.014732704957578753,1.732552015576035e-06
1.0,0.01479275958221088,1.7704342978462912e-06
1.0,0.014869182076222372,1.810834329944388e-06
1.0,0.01491346142392586,1.8512796025840973e-06
1.0,0.014947468958930277,1.8840327771920445e-06
1.0,0.015026043541921701,1.926127747902775e-06
1.0,0.015100165233437459,1.963172374278635e-06
1.0,0.015146199537871548,2.0041253781110845e-06
1.0,0.015181278040499575,2.043572659268557e-06
1.0,0.015216334467671367,2.0768694018617373e-06
1.0,0.015263453051471485,2.116459769870353e-06
1.0,0.01530674621610387,2.1528739292391097e-06
1.0,0.015340881242954468,2.182623021314302e-06
1.0,0.015380835380835381,2.212666545394032e-06
1.0,0.015416251092805339,2.249655228868072e-06
1.0,0.015464808913263668,2.2862474174210586e-06
1.0,0.015517519180000744,2.315965991237873e-06
1.0,0.015553181445501751,2.345735947316261e-06
1.0,0.015591920097636304,2.3775518050922862e-06
1.0,0.015629876533962524,2.4063852375033155e-06
1.0,0.015666645811174374,2.4392988270916085e-06
1.0,0.01570024077046549,2.4728013262498512e-06
1.0,0.015739122782757364,2.502144668324447e-06
1.0,0.01577919213561031,2.529080658820166e-06
1.0,0.015813471764364113,2.5529608063156696e-06
1.0,0.015869193231510235,2.581242652039609e-06
1.0,0.015908109069655153,2.6103804603211977e-06
1.0,0.01595127979716903,2.639360905202969e-06
1.0,0.015990599775212017,2.6720911966209984e-06
1.0,0.016039355351149146,2.698901383641725e-06
1.0,0.016076427232337757,2.7314349249961136e-06
1.0,0.016112634003835117,2.7595331141260085e-06
1.0,0.016168399302640926,2.785881827737352e-06
1.0,0.01620879832215634,2.8174312674775694e-06
1.0,0.016246447711612575,2.844408145960016e-06
1.0,0.016290840956111018,2.8727751213911426e-06
1.0,0.016330789799778256,2.8979131540127062e-06
1.0,0.016369222723409817,2.9278946901525853e-06
1.0,0.016406331900618513,2.9536392264382025e-06
1.0,0.016448362389479353,2.9821028433725357e-06
1.0,0.016493215650111973,3.0144506736306937e-06
1.0,0.016540280603482442,3.041302576863445e-06
1.0,0.016579487519035953,3.0672146419704182e-06
1.0,0.016647165195192,3.0978099620187924e-06
1.0,0.01668688107265191,3.126478392316454e-06
1.0,0.016737296632488,3.152483475347111e-06
1.0,0.016776994613137513,3.1798382154278536e-06
1.0,0.016818914562063407,3.2077696872334265e-06
1.0,0.01686149868017023,3.233989593381832e-06
1.0,0.016935625684797166,3.261423054272912e-06
1.0,0.01698571409190194,3.2944481591528302e-06
1.0,0.0170282216933016,3.3192926524604964e-06
1.0,0.01708282166734889,3.3467663159811616e-06
1.0,0.01712886322903698,3.374525578897047e-06
1.0,0.01717279784928538,3.404718772454855e-06
1.0,0.017220747424452912,3.4347999979497137e-06
1.0,0.017265869568215353,3.46354483756452e-06
1.0,0.01730859623413609,3.491632826437038e-06
1.0,0.017354180527833222,3.5226278308918214e-06
1.0,0.017393720477910532,3.550633543159794e-06
1.0,0.01743416930082297,3.5824197500686614e-06
1.0,0.01749091925118748,3.611720762891759e-06
1.0,0.017536733293180003,3.642441260667641e-06
1.0,0.01757908482048834,3.675480869217871e-06
1.0,0.017628340514206864,3.7087395436541137e-06
1.0,0.017677124219919238,3.739845334165723e-06
1.0,0.01772417112602282,3.771356228458758e-06
1.0,0.017775253780080925,3.8046590205768872e-06
1.0,0.017820795672905843,3.834108543229581e-06
1.0,0.017865296803652966,3.8679547296378426e-06
1.0,0.017930797433547203,3.903611511933931e-06
1.0,0.01797559224694903,3.942596369581701e-06
1.0,0.018042165636303373,3.972396299407382e-06
1.0,0.018096146619258232,4.004233625746305e-06
1.0,0.018147031539888683,4.0370115983849074e-06
1.0,0.01826031153374949,4.071418521935644e-06
1.0,0.01830891170190986,4.100133294766666e-06
1.0,0.01836962263043606,4.133196613229673e-06
1.0,0.01841880719098479,4.166618575073477e-06
1.0,0.018500184706316956,4.205790956570517e-06
1.0,0.018550346707757955,4.243058978615724e-06
1.0,0.018608799048751488,4.2824543140590655e-06
1.0,0.01868796178819315,4.321910064735517e-06
1.0,0.01875711631809193,4.361354153837704e-06
1.0,0.0188228219198677,4.396981351466302e-06
1.0,0.018935269207501514,4.430262920901903e-06
1.0,0.019045590763192722,4.469988118703623e-06
1.0,0.019102546497612182,4.511171321927584e-06
1.0,0.019157791651364917,4.558626226486288e-06
1.0,0.01927488261103841,4.600054933551216e-06
1.0,0.0193335186386238,4.642874770182561e-06
1.0,0.01938710726397126,4.691749808840336e-06
1.0,0.019477286869943995,4.732525237292289e-06
1.0,0.019581163296266753,4.7744320241662375e-06
1.0,0.019644145981736593,4.8150390845651145e-06
1.0,0.019790711643640733,4.865294083836512e-06
1.0,0.019861036200387067,4.912600135980053e-06
1.0,0.01991632597871562,4.95572434286339e-06
1.0,0.02001662723028714,5.003550503141186e-06
1.0,0.020075362783612605,5.053903854273983e-06
1.0,0.020135739329023128,5.105005311560479e-06
1.0,0.02021376214924602,5.156338073175124e-06
1.0,0.020273990348803315,5.216580091784131e-06
1.0,0.02033061608911695,5.263679590912559e-06
1.0,0.020437479595168135,5.30782539828561e-06
1.0,0.020495023572551074,5.364795916329995e-06
1.0,0.020574170542126107,5.418659182713971e-06
1.0,0.020645757066059825,5.4716270033877175e-06
1.0,0.02070790605358915,5.5304564826475865e-06
1.0,0.02077249800902575,5.58588388937476e-06
1.0,0.020835066815330084,5.6394840384852845e-06
1.0,0.02091756607745514,5.696260787852747e-06
1.0,0.02097503769475624,5.753556741229954e-06
1.0,0.02103635997042812,5.821977999778551e-06
1.0,0.021103376203077857,5.890986916619991e-06
1.0,0.021167241495908568,5.954173467791733e-06
1.0,0.021282744318085235,6.009414758205042e-06
1.0,0.02136190687437083,6.064946554391314e-06
1.0,0.02143211736309636,6.1221473337305175e-06
1.0,0.021498729308331615,6.1868073205371545e-06
1.0,0.021583229899324232,6.2528452535817535e-06
1.0,0.021644422930641033,6.329736061532569e-06
1.0,0.021712739759286878,6.393124591485739e-06
1.0,0.021774670423319074,6.466588989060196e-06
1.0,0.021864794537294143,6.524673591531303e-06
1.0,0.021934127540294324,6.589827336573809e-06
1.0,0.02200042173332396,6.6740431064001615e-06
1.0,0.022106080937919343,6.748593053662124e-06
1.0,0.022179705215419503,6.816647270173432e-06
1.0,0.022249075916974694,6.899225960691183e-06
1.0,0.022331222687951485,6.983194401903475e-06
1.0,0.02240314932450568,7.06040843157103e-06
1.0,0.022472716829408386,7.133873574836027e-06
1.0,0.022540282653704204,7.22189937222458e-06
1.0,0.02265366312627789,7.310253112299461e-06
1.0,0.022759084546727017,7.392448660455799e-06
1.0,0.022840046701692936,7.464909949912062e-06
1.0,0.022940066328306797,7.552815600098749e-06
1.0,0.02305369374677764,7.632369204245792e-06
1.0,0.023144895921913707,7.715931634904611e-06
1.0,0.02322173792080126,7.803312260885514e-06
1.0,0.02330950253202264,7.899659356685258e-06
1.0,0.023399682272684796,8.000787282755934e-06
1.0,0.023485715357631918,8.097069182335955e-06
1.0,0.02360527159260167,8.197854848077075e-06
1.0,0.02370718221582625,8.28394230415259e-06
1.0,0.023786905802333093,8.36435821155147e-06
1.0,0.023867622388287327,8.462712383710972e-06
1.0,0.023963098359714434,8.559089180650275e-06
1.0,0.024057029763849123,8.663883923034353e-06
1.0,0.024146576663452265,8.766550246052722e-06
1.0,0.024232101728375945,8.866540696040625e-06
1.0,0.024313984425067485,8.971570368984459e-06
1.0,0.02441116830447668,9.101042326373095e-06
1.0,0.024503855638626844,9.201557426712936e-06
1.0,0.024591934945296694,9.325247800288464e-06
1.0,0.024680649739788677,9.457058983037615e-06
1.0,0.024770496992719215,9.55139203462442e-06
1.0,0.02485507821805765,9.661651232771156e-06
1.0,0.02495415769752053,9.76941501494766e-06
1.0,0.025048516495608505,9.883033967647844e-06
1.0,0.02514157195068075,1.0006787025337403e-05
1.0,0.02522820238982812,1.0110957079579798e-05
1.0,0.02532311239659392,1.0232457517690232e-05
1.0,0.025422868398075008,1.0350718718173391e-05
1.0,0.025517691178868415,1.0477351950309875e-05
1.0,0.025618989154900757,1.0588973309548266e-05
1.0,0.025704724166957522,1.0729463955348912e-05
1.0,0.025815497546290568,1.0856555824066012e-05
1.0,0.025923471923140633,1.098414177522642e-05
1.0,0.026016665627662448,1.1117370171669834e-05
1.0,0.02610508757297748,1.1240747858034336e-05
1.0,0.026193564584292228,1.1377814699170556e-05
1.0,0.026285402364006633,1.1521437672386296e-05
1.0,0.026380109565950275,1.169174425669592e-05
1.0,0.026499036975892648,1.1834650072668615e-05
1.0,0.026594727786392505,1.1966015479856145e-05
1.0,0.026689405244084415,1.2125427098373784e-05
1.0,0.026795077581594436,1.2304108371361656e-05
1.0,0.026906215077795927,1.2468288812238348e-05
1.0,0.027011866235167208,1.2622066012550918e-05
1.0,0.027107781578833413,1.279783194785896e-05
1.0,0.027216207990956916,1.2952925751284235e-05
1.0,0.02731835042548549,1.3122214206470093e-05
1.0,0.027424866380443353,1.331941309656665e-05
1.0,0.027524347615802316,1.349327521159928e-05
1.0,0.027641019980130258,1.3659057465285132e-05
1.0,0.027764841549686205,1.3814191915005172e-05
1.0,0.027865568662363678,1.3978049569190313e-05
1.0,0.027975778160123345,1.418150956166342e-05
1.0,0.02808623281064226,1.43601515712795e-05
1.0,0.028189944385652848,1.456465710975489e-05
1.0,0.02829954114961235,1.4768624402086085e-05
1.0,0.028417086567706206,1.4972940985196572e-05
1.0,0.028523910418517758,1.5180760165573033e-05
1.0,0.02862957627312433,1.540122716725409e-05
1.0,0.028736687477047374,1.558830097936699e-05
1.0,0.028853909796962503,1.575640771800421e-05
1.0,0.029006324861571252,1.5979301293745504e-05
1.0,0.02914338919925512,1.6195172151832093e-05
1.0,0.029256437818385755,1.640450336852003e-05
1.0,0.029387601812078962,1.661534629284508e-05
1.0,0.029522731560083004,1.6806884216482417e-05
1.0,0.029640853239896778,1.7035514018737285e-05
1.0,0.029764168885507796,1.7258783326877348e-05
1.0,0.02990564911023528,1.7471226022638325e-05
1.0,0.030045596352291818,1.7735070257851158e-05
1.0,0.030165040356583545,1.7986230588150337e-05
1.0,0.030290566859410156,1.8253589079274434e-05
1.0,0.03040753873803857,1.8564195682867148e-05
1.0,0.030536585365853658,1.8805830530785957e-05
1.0,0.03067199098459051,1.9062057406030604e-05
1.0,0.0308010234205865,1.9334425692753523e-05
1.0,0.03092885375494071,1.964851428070797e-05
1.0,0.031058520006945995,1.9940402721152903e-05
1.0,0.031200937024945797,2.024917755544051e-05
1.0,0.03133760512615138,2.0556449557717703e-05
1.0,0.031464401497826144,2.0884501556840428e-05
1.0,0.031599404356275715,2.118308538196057e-05
1.0,0.03173154906731549,2.1567645283020365e-05
1.0,0.03187048162101619,2.189104231340627e-05
1.0,0.032013091615740626,2.2260822143204403e-05
1.0,0.032144599347865156,2.2599806497008582e-05
1.0,0.0322805208199046,2.2931264334022093e-05
1.0,0.03241004400724825,2.3257130597134572e-05
1.0,0.03256939205535756,2.358097662670035e-05
1.0,0.032722615718355504,2.39094580417116e-05
1.0,0.03288419614950227,2.4272844899021247e-05
1.0,0.03304127520320912,2.4631768935005724e-05
1.0,0.03318314338722502,2.503991653292309e-05
1.0,0.03333244588802215,2.540643178687028e-05
1.0,0.0334875758953647,2.580712325919324e-05
1.0,0.033636021707592285,2.6230982145833884e-05
1.0,0.03379308483359875,2.6711664870583267e-05
1.0,0.03394333740002711,2.7118546111584235e-05
1.0,0.03410236156129981,2.750123929397012e-05
1.0,0.0342610075801111,2.7913448390295724e-05
1.0,0.03443533747730898,2.8389277933306797e-05
1.0,0.03458945739860758,2.875787748151516e-05
1.0,0.034749784895500846,2.9142415089927355e-05
1.0,0.03491160559924154,2.957027039133074e-05
1.0,0.03507592312433462,2.999378349690974e-05
1.0,0.03522692102079289,3.0445059423148735e-05
1.0,0.03539022528761625,3.085862099202458e-05
1.0,0.03555303137867386,3.1304205905564406e-05
1.0,0.03574691640018273,3.1869470029364384e-05
1.0,0.035911998393712535,3.241594646443076e-05
1.0,0.03607237524490031,3.288287492074144e-05
1.0,0.03624887807985176,3.340324425933218e-05
1.0,0.03641758049972367,3.393609304265615e-05
1.0,0.036592137951191,3.4540455838522735e-05
1.0,0.03676405814124211,3.515464343868312e-05
1.0,0.036937601416138076,3.575736976907125e-05
1.0,0.03712049335863377,3.637747567063813e-05
1.0,0.03729964845379253,3.698559081536846e-05
1.0,0.03749288773096158,3.7489753741790153e-05
1.0,0.03767906584807993,3.816514734033829e-05
1.0,0.037887728854592226,3.884885730213632e-05
1.0,0.038075542850191595,3.949069945520544e-05
1.0,0.0382640586797066,4.0095730204698006e-05
1.0,0.038467447076535474,4.074921873698632e-05
1.0,0.03866226106290337,4.148499012798862e-05
1.0,0.03885423455295907,4.214480022829782e-05
1.0,0.03907005773131534,4.283269170158549e-05
1.0,0.03928089605622313,4.347338639023368e-05
1.0,0.03951271855077952,4.412829724126251e-05
1.0,0.039719552044668635,4.477315653600328e-05
1.0,0.039932382866073424,4.5421368892288384e-05
1.0,0.04013463696105145,4.603592173104031e-05
1.0,0.04034935060749621,4.676015139225293e-05
1.0,0.040554547810313556,4.754746894093427e-05
1.0,0.04075388170957977,4.819656138942286e-05
1.0,0.04096724583619646,4.891892892873543e-05
1.0,0.04118014669604973,4.963771802218017e-05
1.0,0.041396640655997886,5.0398132388859926e-05
1.0,0.04159883044821743,5.109407905347122e-05
1.0,0.041823951895774175,5.187501675694502e-05
1.0,0.0420642386775971,5.2612647534673055e-05
1.0,0.042301584620062845,5.341432862499947e-05
1.0,0.04252861849926968,5.416663949001788e-05
1.0,0.04277563292220438,5.5004342669221575e-05
1.0,0.04300779773968603,5.578661281576776e-05
1.0,0.04323950958383699,5.682990987866567e-05
1.0,0.04347071282247144,5.775866934277901e-05
1.0,0.043718136741392556,5.8824575231618826e-05
1.0,0.043976115208991924,5.975037374471971e-05
1.0,0.04422778013282464,6.0740754627231584e-05
1.0,0.044474441405278675,6.176887477221766e-05
1.0,0.044719077043969,6.272843422053163e-05
1.0,0.04496964907869688,6.37525412578186e-05
1.0,0.04522467851466551,6.478166711073533e-05
1.0,0.04547931272476298,6.583708162575363e-05
1.0,0.0457351598173516,6.697946503002363e-05
1.0,0.04599052271975903,6.800660545091919e-05
1.0,0.04625387911925521,6.915249552129392e-05
1.0,0.0465254552211074,7.045246048900856e-05
1.0,0.04678275166280547,7.171408118817634e-05
1.0,0.04705351773902586,7.297306237509625e-05
1.0,0.04732743630452862,7.435090141722091e-05
1.0,0.04760456273764259,7.593485321459303e-05
1.0,0.047886785236182824,7.75149801711207e-05
1.0,0.04816496114487959,7.877436834015e-05
1.0,0.04845013737858442,8.013006991593316e-05
1.0,0.048733019345296016,8.170804883326948e-05
1.0,0.049026902141990056,8.335175857529796e-05
1.0,0.0493282376580907,8.503346245738059e-05
1.0,0.04963133275192262,8.660735575378145e-05
1.0,0.04994614433318706,8.820018429939882e-05
1.0,0.05025286987236092,8.989935252948244e-05
1.0,0.05056542810985461,9.156544793869824e-05
1.0,0.050875695883619815,9.34492972828944e-05
1.0,0.05118142424985692,9.535846481321032e-05
1.0,0.05149296701488854,9.739594554293312e-05
1.0,0.05182119205298013,9.938578115055664e-05
1.0,0.05213842501978095,0.000101213695931
1.0,0.05248595623375534,0.000103309535001
1.0,0.05280249673147484,0.0001052801137067
1.0,0.0531454283046099,0.0001073932603652
1.0,0.05348141819735156,0.0001093147402007
1.0,0.05381936981472725,0.0001114044265341
1.0,0.054154591461568403,0.0001133174940381
1.0,0.05451537054776626,0.0001152993803439
1.0,0.05485934624485146,0.0001176130601189
1.0,0.05521499448732084,0.0001195983359636
1.0,0.05557775114307276,0.0001216580252767
1.0,0.05594280607685433,0.0001241673253611
1.0,0.056315221302626846,0.0001266227614041
1.0,0.05668749434030607,0.0001292803463613
1.0,0.05707252586953549,0.000131704949538
1.0,0.0574680987790324,0.0001341850858803
1.0,0.057861170163601074,0.0001371957438237
1.0,0.05825152375191923,0.0001399413593759
1.0,0.05864443299451965,0.0001429518252532
1.0,0.05903989436951806,0.0001460318204243
1.0,0.059454839016050906,0.0001492528309108
1.0,0.05987565758010521,0.0001525120284841
1.0,0.06030538028033332,0.0001564841447501
1.0,0.06073836899044292,0.0001604251856121
1.0,0.06116267708842208,0.0001637209658716
1.0,0.06158689556790792,0.0001680192310365
1.0,0.06201396800237753,0.000171883156593
1.0,0.062450119712689545,0.000175488281302
1.0,0.06288929073739201,0.0001797579752225
1.0,0.06335711755477962,0.0001845924813319
1.0,0.06380593211701152,0.0001900625396153
1.0,0.06428094675771423,0.0001944517034079
1.0,0.0647563877107686,0.0001985138241926
1.0,0.06523891407430567,0.0002039273793207
1.0,0.06573558752493962,0.0002089139264024
1.0,0.06623988148775196,0.0002147972767256
1.0,0.0667306257328643,0.0002207424111053
1.0,0.06724675045654743,0.0002267232865861
1.0,0.06777825898657427,0.0002325827663202
1.0,0.06830332787779596,0.0002385121186645
1.0,0.06882902693787796,0.0002447481728086
1.0,0.06937825556910118,0.0002517452881023
1.0,0.06991288809470628,0.0002586771308667
1.0,0.07046772105589014,0.0002659812310506
1.0,0.07103949160236042,0.000274160824788
1.0,0.07162061666952692,0.0002814274454003
1.0,0.0721988351306153,0.0002892663978189
1.0,0.07280339594115252,0.0002979417454473
1.0,0.07339234421712879,0.0003060764605352
1.0,0.07400839392327245,0.0003153517252046
1.0,0.07463487332339791,0.0003247882213908
1.0,0.07526752434772153,0.0003348145663124
1.0,0.07591559544021344,0.0003443363492993
1.0,0.07658429165647174,0.0003549643505934
1.0,0.07726010490589325,0.0003670262303018
1.0,0.07793339558045441,0.0003781468857082
1.0,0.07862839917101049,0.0003900796178235
1.0,0.07932585693467654,0.000404754320561
1.0,0.08005626958245413,0.0004170974821697
1.0,0.08080025814778961,0.0004319400882111
1.0,0.08153695864539239,0.0004474116863293
1.0,0.0822872165626027,0.0004648880251048
1.0,0.08306794055201698,0.0004830574878584
1.0,0.083852387649856,0.0005029387252153
1.0,0.08466324046524208,0.0005206091051576
1.0,0.08547825493275073,0.0005435134669627
1.0,0.0863150637711134,0.000568454741893
1.0,0.08715628263139576,0.0005941706859452
1.0,0.08801405975395431,0.0006223898836064
1.0,0.08889520022720818,0.0006535158847709
1.0,0.08979416194506204,0.0006836574405895
1.0,0.09071806390841243,0.0007192690146007
1.0,0.09166117578153599,0.0007513269600539
1.0,0.09261040017752792,0.0007861046909245
1.0,0.09357949024590777,0.0008237308313733
1.0,0.09458336481075773,0.0008681963530555
1.0,0.0956017104459377,0.0009053693275028
1.0,0.09666460778258185,0.0009583341579622
1.0,0.09772088666874805,0.0010053074506759
1.0,0.09881610102604578,0.0010572000272217
1.0,0.0999281666533642,0.0011112807633986
1.0,0.10106554730384243,0.0011703063916375
1.0,0.10222911733485751,0.0012425155211866
1.0,0.10341124969026183,0.001311813374685
1.0,0.10462104119662405,0.0013873656619896
1.0,0.1058594740847214,0.0014646610013144
1.0,0.10711841204654346,0.0015538860553515
1.0,0.10845460845460846,0.0016592587504515
1.0,0.10978603998596984,0.0017858234466195
1.0,0.11115056818181818,0.001895632371469
1.0,0.11253932584269663,0.0020305051567249
1.0,0.11401511702030781,0.0021822450989279
1.0,0.11549815498154982,0.0023444209093978
1.0,0.11703122078893251,0.00251033454039
1.0,0.11858306497442697,0.00270452231846
1.0,0.1201650830214032,0.0029301844633306
1.0,0.12177803715591869,0.0032224043825333
1.0,0.12349575853225488,0.0035078247257187
1.0,0.1252250450090018,0.0038098150677289
1.0,0.1269905669946242,0.0041333600084291
1.0,0.12883309322905948,0.0044815820610809
1.0,0.13075718015665797,0.0049631036455179
1.0,0.1327255380048765,0.0054802122041547
1.0,0.1347250618745292,0.006090729990749
1.0,0.13678575330492734,0.0067812256660967
1.0,0.13892587660896583,0.0075516514287057
1.0,0.1411181244364292,0.0084428707072944
1.0,0.14338066880439762,0.0093551798120462
1.0,0.1457169459962756,0.0104102822110747
1.0,0.148113095942269,0.0115790872230535
1.0,0.15064372518349176,0.0128085474287868
1.0,0.1532435740514076,0.0142329163774141
1.0,0.15591531755915317,0.0158477540258823
1.0,0.1587019901128153,0.0175503265808004
1.0,0.16156923473996646,0.0195172438873451
1.0,0.16456361724500526,0.0220711724595138
1.0,0.1676935440664345,0.0247993975884429
1.0,0.1709448388858547,0.0275389349919513
1.0,0.1743247006404901,0.0305439748242227
1.0,0.17781565118591108,0.034023770176379
1.0,0.18142298217649616,0.0374479916921195
1.0,0.1852619118082273,0.0414053355225417
1.0,0.18918102145663343,0.0466273016572485
1.0,0.19326952763198518,0.051366224484125
1.0,0.1975386557273588,0.0573000857712147
1.0,0.20206584893479665,0.0646059800305351
1.0,0.20666886761307363,0.0727967791809115
1.0,0.21155795876985467,0.0816925266443604
1.0,0.21672148173792627,0.0905852238568078
1.0,0.22218278615794143,0.1042149733866045
1.0,0.2278434940855323,0.1190033998543825
1.0,0.2337565347274085,0.1376809032169614
1.0,0.2399846655165804,0.1559138110056585
1.0,0.24660232420720898,0.1818167499587281
1.0,0.2535953007899534,0.208012036742495
1.0,0.2610508757297748,0.2327785367252549
1.0,0.26890034364261167,0.2554593423371633
1.0,0.2773593265396544,0.2862560953873777
1.0,0.2862368541380887,0.3196314086863276
1.0,0.29563164108618656,0.3570947026875333
1.0,0.30573870573870576,0.3936102292712324
1.0,0.3167214773589679,0.4336566054861442
1.0,0.3282642894598846,0.4819766522908608
1.0,0.3408657772937653,0.5214206158634159
1.0,0.35427277872099605,0.5671560891090219
1.0,0.3687776141384389,0.6152177724267692
1.0,0.3845208845208845,0.6614239293855222
0.9992012779552716,0.4013474494706448,0.7028892010064642
0.9968051118210862,0.41907320349227667,0.7399672686562613
0.9968051118210862,0.43959140542444525,0.7792728705880771
0.9952076677316294,0.4614814814814815,0.8169841986860512
0.994408945686901,0.4861382272549785,0.8469643743581508
0.9912140575079872,0.5123864574731627,0.8781193828672299
0.9864217252396166,0.5411919368974584,0.9035434847578206
0.9800319488817891,0.572829131652661,0.9279187429486409
0.9720447284345048,0.6078921078921079,0.9470198513139244
0.9624600638977636,0.6464592274678111,0.9600095373558608
0.952076677316294,0.6910144927536231,0.9716162962292064
0.939297124600639,0.7419558359621451,0.980895121006476
0.9201277955271565,0.7966804979253111,0.9872683551960336
0.8977635782747604,0.8599846977811783,0.9924444241074998
0.8642172523961661,0.9263698630136986,0.9966206854804924
0.8003194888178914,0.9728155339805825,0.9985728267017532
0.6996805111821086,0.9887133182844243,0.9994671139858216
0.5902555910543131,0.9959568733153639,0.9997056357109996
0.4752396166134185,0.9983221476510067,0.9998748606089328
0.3570287539936102,1.0,0.999952551122623
0.1988817891373802,1.0,0.999981062935431
0.0,1.0,
