Modelo,Precision,Recall,F1,AUPRC,FP,FN,Custo total,Tempo médio (ms/transação),Observação
LightGBM scale_pos_weight,0.8959537572254336,0.8666134185303515,0.881039382866423,0.9542900289436035,126,167,84760,0.0027854550999973074,Geralmente mais rápido que XGBoost em datasets grandes
XGBoost scale_pos_weight,0.9183318853171155,0.8442492012779552,0.8797336662505202,0.9569827556568197,94,195,98440,0.000980949040001633,"Costuma ser mais preciso, mas pode perder mais fraudes"
XGBoost + SMOTE,0.9531996179560649,0.7971246006389776,0.86820356676816,0.9497610592179813,49,254,127490,0.0012519216400028199,"Melhor candidato se equilibrar F1, recall, custo e tempo"
LightGBM + SMOTE,0.8272859216255443,0.9105431309904153,0.8669201520912547,0.9585461929586464,238,112,58380,0.002681268600003932,"Alternativa ao XGBoost + SMOTE, custo de treino menor"
Random Forest class_weight,0.9058823529411765,0.799520766773163,0.8493848112006789,0.9096162220702017,104,251,126540,0.01250906530000293,"Modelo não linear robusto, mas pode ser mais pesado"
Random Forest + SMOTE,0.9127906976744186,0.7523961661341853,0.8248686514886164,0.8716314796086698,90,310,155900,0.007368788079998012,Modelo avaliado
Regressão Logística,0.7126673532440783,0.5527156549520766,0.6225820962663068,0.6593206691927962,279,560,282790,0.0002694461800001591,Baseline supervisionado simples e rápido
Baseline regra type + amount,0.3103448275862069,0.28753993610223644,0.29850746268656714,0.09920679992858168,800,892,454000,0.0,Regra simples interpretável; deve ficar abaixo dos modelos
Baseline tudo legítimo,0.0,0.0,0.0,0.01399414302640109,0,1252,626000,0.0,Mostra por que acurácia não serve neste problema
